{
  "centralized_mlp": {
    "mae_mean": 1.7168644189834594,
    "mae_std": 0.014011583244907238,
    "rmse_mean": 3.21547417640686,
    "rmse_std": 0.18572783626401732,
    "r2_mean": 0.27659358978271487,
    "r2_std": 0.09781029653486575,
    "within_1day_mean": 0.5404721549636804,
    "within_1day_std": 0.0035640544382370934
  },
  "centralized_xgboost": {
    "mae_mean": 1.7468665599823,
    "mae_std": 0.010839543132052105,
    "rmse_mean": 2.942697763442993,
    "rmse_std": 0.01752558818278641,
    "r2_mean": 0.3971229434013367,
    "r2_std": 0.008962166805863182,
    "within_1day_mean": 0.5007506053268765,
    "within_1day_std": 0.004520231586430872
  },
  "local_H1": {
    "mae_mean": 1.6096474170684814,
    "mae_std": 0.03627322039804281,
    "rmse_mean": 3.1423885345458986,
    "rmse_std": 0.24342666051259682,
    "r2_mean": 0.2698386788368225,
    "r2_std": 0.10215895457913415,
    "within_1day_mean": 0.6025012341615928,
    "within_1day_std": 0.004990762570285978
  },
  "local_H2": {
    "mae_mean": 2.2327335834503175,
    "mae_std": 0.08050031399350555,
    "rmse_mean": 3.6800840377807615,
    "rmse_std": 0.19796391317431056,
    "r2_mean": 0.3973419785499573,
    "r2_std": 0.07962387318671069,
    "within_1day_mean": 0.42457627118644065,
    "within_1day_std": 0.01571333432429305
  },
  "local_H3": {
    "mae_mean": 1.7412589073181153,
    "mae_std": 0.030569808552291234,
    "rmse_mean": 3.2396629810333253,
    "rmse_std": 0.12917126258518358,
    "r2_mean": 0.3489102005958557,
    "r2_std": 0.05604510574423095,
    "within_1day_mean": 0.5658021978021978,
    "within_1day_std": 0.005499953343162056
  },
  "local_H4": {
    "mae_mean": 1.7181857585906983,
    "mae_std": 0.10493893669132213,
    "rmse_mean": 3.7260045051574706,
    "rmse_std": 0.7939254085198097,
    "r2_mean": 0.15049710273742675,
    "r2_std": 0.3276563242938952,
    "within_1day_mean": 0.5736501079913607,
    "within_1day_std": 0.010813165832577942
  },
  "local_H5": {
    "mae_mean": 1.4631311893463135,
    "mae_std": 0.022489872345868734,
    "rmse_mean": 2.8454503059387206,
    "rmse_std": 0.49782735696161756,
    "r2_mean": 0.1334405779838562,
    "r2_std": 0.345072325288414,
    "within_1day_mean": 0.5858092175777064,
    "within_1day_std": 0.007405153924919675
  },
  "fedavg_E1": {
    "mae_mean": 1.7178570872002645,
    "mae_std": 0.07845647964476689,
    "rmse_mean": 5.334459707742923,
    "rmse_std": 4.551922838498035,
    "r2_mean": -4.587821125339389,
    "r2_std": 9.799486451940735,
    "within_1day_mean": 0.5514278536670687,
    "within_1day_std": 0.008178351064070366
  },
  "fedavg_E3": {
    "mae_mean": 1.6756567288516735,
    "mae_std": 0.01340547363792689,
    "rmse_mean": 3.0586799750918017,
    "rmse_std": 0.13984933095627658,
    "r2_mean": 0.31470189354341227,
    "r2_std": 0.06154691159582137,
    "within_1day_mean": 0.5570209792505307,
    "within_1day_std": 0.0044519615513151315
  },
  "fedavg_E5": {
    "mae_mean": 1.6868750056574573,
    "mae_std": 0.00984506228502458,
    "rmse_mean": 3.0183589493220744,
    "rmse_std": 0.0541750524619593,
    "r2_mean": 0.3338105475376647,
    "r2_std": 0.010116879486266004,
    "within_1day_mean": 0.5480141270990684,
    "within_1day_std": 0.004436829821467944
  },
  "gossip_E1": {
    "mae_mean": 1.8450336360931399,
    "mae_std": 0.07185430432471789,
    "rmse_mean": 4.984783515930176,
    "rmse_std": 3.6048859909623743,
    "r2_mean": -4.2500462102890015,
    "r2_std": 9.15639592911972,
    "within_1day_mean": 0.5021452854232865,
    "within_1day_std": 0.010173347184190632
  },
  "gossip_E3": {
    "mae_mean": 1.8302877044677737,
    "mae_std": 0.0218481548245225,
    "rmse_mean": 3.425336408615112,
    "rmse_std": 0.40836527523908794,
    "r2_mean": 0.1616235327720642,
    "r2_std": 0.32887710820731686,
    "within_1day_mean": 0.5108122623488209,
    "within_1day_std": 0.00589842579410274
  },
  "gossip_E5": {
    "mae_mean": 1.8265895414352418,
    "mae_std": 0.012033396571787399,
    "rmse_mean": 3.253895320892334,
    "rmse_std": 0.13636725038979924,
    "r2_mean": 0.3002102613449097,
    "r2_std": 0.0851359174282812,
    "within_1day_mean": 0.5125880230252436,
    "within_1day_std": 0.006999239569063363
  }
}