{
  "centralized_mlp": {
    "mae_mean": 1.7061567902565002,
    "mae_std": 0.009674251079559326,
    "rmse_mean": 3.1130300760269165,
    "rmse_std": 0.1039503812789917,
    "r2_mean": 0.3269345164299011,
    "r2_std": 0.031636714935302734
  },
  "centralized_xgboost": {
    "mae_mean": 1.745238721370697,
    "mae_std": 0.0008665919303894043,
    "rmse_mean": 2.931524872779846,
    "rmse_std": 0.005744338035583496,
    "r2_mean": 0.4030540883541107,
    "r2_std": 0.009461551904678345
  },
  "fedavg_E1": {
    "mae_mean": 1.7424620007584593,
    "mae_std": 0.009800407034043723,
    "rmse_mean": 3.178070315544325,
    "rmse_std": 0.1567726381141672,
    "r2_mean": 0.2694249671952453,
    "r2_std": 0.06160279343130909
  },
  "fedavg_E3": {
    "mae_mean": 1.726635630276002,
    "mae_std": 0.013328842189426648,
    "rmse_mean": 3.071091746463047,
    "rmse_std": 0.04076042319805473,
    "r2_mean": 0.3232800490126392,
    "r2_std": 0.0032634666621842723
  },
  "fedavg_E5": {
    "mae_mean": 1.7499384970589205,
    "mae_std": 0.002580408233609388,
    "rmse_mean": 3.096145927223165,
    "rmse_std": 0.06856997686040445,
    "r2_mean": 0.31251640998545893,
    "r2_std": 0.014484580663673086
  },
  "gossip_E1": {
    "mae_mean": 1.8079028844833374,
    "mae_std": 0.004353213310241744,
    "rmse_mean": 3.17225604057312,
    "rmse_std": 0.10377941131591784,
    "r2_mean": 0.3340954542160034,
    "r2_std": 0.048609006404876726
  },
  "gossip_E3": {
    "mae_mean": 1.8105804085731507,
    "mae_std": 0.0027058243751526545,
    "rmse_mean": 3.1496646165847775,
    "rmse_std": 0.03969209194183354,
    "r2_mean": 0.3538327753543854,
    "r2_std": 0.012788039445877059
  },
  "gossip_E5": {
    "mae_mean": 1.8254989385604858,
    "mae_std": 0.004230308532714888,
    "rmse_mean": 3.1677948951721193,
    "rmse_std": 0.04344372749328618,
    "r2_mean": 0.34524205327033997,
    "r2_std": 0.012872344255447365
  },
  "local_H1": {
    "mae_mean": 1.609620451927185,
    "mae_std": 0.05156087875366211,
    "rmse_mean": 3.0008034706115723,
    "rmse_std": 0.0932466983795166,
    "r2_mean": 0.3385758697986603,
    "r2_std": 0.0005154311656951904
  },
  "local_H2": {
    "mae_mean": 2.1524256467819214,
    "mae_std": 0.04915511608123779,
    "rmse_mean": 3.451419234275818,
    "rmse_std": 0.08610260486602783,
    "r2_mean": 0.45909175276756287,
    "r2_std": 0.02527269721031189
  },
  "local_H3": {
    "mae_mean": 1.7612187266349792,
    "mae_std": 0.01264876127243042,
    "rmse_mean": 3.253153681755066,
    "rmse_std": 0.05302464962005615,
    "r2_mean": 0.3545379936695099,
    "r2_std": 0.023105472326278687
  },
  "local_H4": {
    "mae_mean": 1.7012773156166077,
    "mae_std": 0.08967584371566772,
    "rmse_mean": 3.935498833656311,
    "rmse_std": 1.0927199125289917,
    "r2_mean": -0.018117904663085938,
    "r2_std": 0.4825608730316162
  },
  "local_H5": {
    "mae_mean": 1.4777280688285828,
    "mae_std": 0.02567845582962036,
    "rmse_mean": 2.684798240661621,
    "rmse_std": 0.08222246170043945,
    "r2_mean": 0.2923259735107422,
    "r2_std": 0.022460579872131348
  },
  "elapsed_seconds": 3202.9299726486206
}