{
  "mlp": [
    {
      "experiment": "centralized_mlp",
      "seed": 42,
      "final_metrics": {
        "mae": 1.6978386640548706,
        "rmse": 3.094496250152588,
        "r2": 0.321638822555542,
        "within_1day": 0.5409806295399515
      },
      "best_val_mae": 1.6978386640548706,
      "n_epochs_trained": 25,
      "convergence_curve": [
        1.750387191772461,
        1.7611379623413086,
        1.7469979524612427,
        1.7440505027770996,
        1.7391868829727173,
        1.7313708066940308,
        1.7210279703140259,
        1.766504168510437,
        1.7587928771972656,
        1.7298436164855957,
        1.7159568071365356,
        1.7250556945800781,
        1.6992449760437012,
        1.7930783033370972,
        1.6978386640548706,
        1.7196416854858398,
        1.7021316289901733,
        1.7224723100662231,
        1.7324680089950562,
        1.7346627712249756,
        1.7169142961502075,
        1.7306495904922485,
        1.7174512147903442,
        1.7100942134857178,
        1.7427334785461426
      ]
    },
    {
      "experiment": "centralized_mlp",
      "seed": 43,
      "final_metrics": {
        "mae": 1.7169468402862549,
        "rmse": 3.1459343433380127,
        "r2": 0.3260803818702698,
        "within_1day": 0.5405569007263923
      },
      "best_val_mae": 1.7169468402862549,
      "n_epochs_trained": 28,
      "convergence_curve": [
        1.8135478496551514,
        1.7816182374954224,
        1.7898231744766235,
        1.754776954650879,
        1.747971773147583,
        1.7720835208892822,
        1.7382960319519043,
        1.8051817417144775,
        1.7296652793884277,
        1.7426443099975586,
        1.7507649660110474,
        1.7554874420166016,
        1.7402997016906738,
        1.73610520362854,
        1.734136700630188,
        1.7951115369796753,
        1.7311183214187622,
        1.7169468402862549,
        1.7849178314208984,
        1.7502880096435547,
        1.7816680669784546,
        1.7332332134246826,
        1.7624001502990723,
        1.7562899589538574,
        1.7237582206726074,
        1.7388771772384644,
        1.7216746807098389,
        1.722423791885376
      ]
    },
    {
      "experiment": "centralized_mlp",
      "seed": 44,
      "final_metrics": {
        "mae": 1.7057026624679565,
        "rmse": 3.160369396209717,
        "r2": 0.30012762546539307,
        "within_1day": 0.5466707021791768
      },
      "best_val_mae": 1.7057026624679565,
      "n_epochs_trained": 23,
      "convergence_curve": [
        1.7536927461624146,
        1.7483223676681519,
        1.7186838388442993,
        1.7399510145187378,
        1.8313167095184326,
        1.7325843572616577,
        1.7383564710617065,
        1.7262786626815796,
        1.7444734573364258,
        1.7209805250167847,
        1.7403295040130615,
        1.7159299850463867,
        1.7057026624679565,
        1.7141605615615845,
        1.7516610622406006,
        1.74064040184021,
        1.786065936088562,
        1.7188606262207031,
        1.717333436012268,
        1.7202295064926147,
        1.7206352949142456,
        1.7119046449661255,
        1.7247395515441895
      ]
    },
    {
      "experiment": "centralized_mlp",
      "seed": 45,
      "final_metrics": {
        "mae": 1.7273402214050293,
        "rmse": 3.0935397148132324,
        "r2": 0.3514123558998108,
        "within_1day": 0.536138014527845
      },
      "best_val_mae": 1.7273402214050293,
      "n_epochs_trained": 24,
      "convergence_curve": [
        1.7956584692001343,
        1.7769578695297241,
        1.7715070247650146,
        1.7654646635055542,
        1.8295555114746094,
        1.7448909282684326,
        1.7978030443191528,
        1.7604635953903198,
        1.7671030759811401,
        1.7554634809494019,
        1.754652738571167,
        1.7610431909561157,
        1.7363722324371338,
        1.7273402214050293,
        1.7360249757766724,
        1.7453328371047974,
        1.736656665802002,
        1.7667210102081299,
        1.7390111684799194,
        1.8046698570251465,
        1.74392831325531,
        1.737610936164856,
        1.736709713935852,
        1.731234073638916
      ]
    },
    {
      "experiment": "centralized_mlp",
      "seed": 46,
      "final_metrics": {
        "mae": 1.736493706703186,
        "rmse": 3.583031177520752,
        "r2": 0.0837087631225586,
        "within_1day": 0.5380145278450363
      },
      "best_val_mae": 1.736493706703186,
      "n_epochs_trained": 13,
      "convergence_curve": [
        1.7432563304901123,
        1.7524738311767578,
        1.736493706703186,
        1.8063067197799683,
        1.7576472759246826,
        1.7405716180801392,
        1.8764526844024658,
        1.753737449645996,
        1.780243158340454,
        1.8801662921905518,
        1.8422036170959473,
        1.8069604635238647,
        2.011429786682129
      ]
    }
  ],
  "xgboost": [
    {
      "experiment": "centralized_xgboost",
      "seed": 42,
      "final_metrics": {
        "mae": 1.7443721294403076,
        "rmse": 2.9257805347442627,
        "r2": 0.3935925364494324,
        "within_1day": 0.500363196125908
      }
    },
    {
      "experiment": "centralized_xgboost",
      "seed": 43,
      "final_metrics": {
        "mae": 1.7461053133010864,
        "rmse": 2.9372692108154297,
        "r2": 0.41251564025878906,
        "within_1day": 0.49382566585956417
      }
    },
    {
      "experiment": "centralized_xgboost",
      "seed": 44,
      "final_metrics": {
        "mae": 1.7437916994094849,
        "rmse": 2.9391400814056396,
        "r2": 0.39468181133270264,
        "within_1day": 0.5051452784503632
      }
    },
    {
      "experiment": "centralized_xgboost",
      "seed": 45,
      "final_metrics": {
        "mae": 1.7666327953338623,
        "rmse": 2.976529121398926,
        "r2": 0.39954906702041626,
        "within_1day": 0.49830508474576274
      }
    },
    {
      "experiment": "centralized_xgboost",
      "seed": 46,
      "final_metrics": {
        "mae": 1.7334308624267578,
        "rmse": 2.934769868850708,
        "r2": 0.385275661945343,
        "within_1day": 0.5061138014527845
      }
    }
  ]
}